DATE,TITLE,SUMMARY
"Sun, 26 Oct 2025 10:58:53 GMT",Two arrested over theft of jewels at Louvre museum in Paris,"Four thieves broke into the world's most-visited museum in broad daylight, stealing eight items worth €88m (£76m; $102m)."
"Sun, 26 Oct 2025 07:18:49 GMT",Trump presides over Thai-Cambodia 'peace deal' - but what does it mean?,"Trump calls it historic, Thailand only calls is ""a pathway to peace"", but all sides hope the agreement will stick."
"Sun, 26 Oct 2025 08:07:39 GMT",Harris 'concerned' she did not ask Biden to quit race,The former vice-president tells the BBC she is not sure whether it was “grace or recklessness” that stopped her speaking up.
"Sun, 26 Oct 2025 10:28:16 GMT",Hurricane Melissa strengthens as it barrels towards Jamaica,"The rare highest-strength storm is set to hit Jamaica by Tuesday, having already caused two deaths in Haiti."
"Sun, 26 Oct 2025 06:38:54 GMT",Trump raises tariffs on Canadian goods over Reagan advert,"Saying that airing the advert was a hostile act, Trump announces an additional 10% on top of his existing levies."
"Sun, 26 Oct 2025 13:14:37 GMT",Russia says it has tested nuclear-powered Burevestnik missile,The experimental weapon is hailed as having a potentially unlimited range  - though Western experts have questioned its value.
"Sun, 26 Oct 2025 10:57:16 GMT",Rebel group claims capture of Sudan army headquarters in key city,The fall of the base in el-Fasher is step closer towards the RSF cementing its control in the west.
"Sun, 26 Oct 2025 13:01:58 GMT",Georgia arrests three for trying to illegally buy 2kg of uranium,"Three Chinese nationals face prison time for attempting to purchase $400,000 of nuclear material."
"Sun, 26 Oct 2025 09:36:12 GMT","Three killed in Russian strikes on Kyiv, officials say","At least 32 others were injured in the attack, including six children, the city's mayor says."
"Sat, 25 Oct 2025 23:19:28 GMT",​​Women welcome arrest of charity boss identified in BBC sex-for-aid investigation,Syrian refugees in Turkey allege they were taken advantage of when they were desperate for help.
"Sun, 26 Oct 2025 13:37:35 GMT",Mystery donor gives $130m to US military to pay troops during shutdown,"The Treasury Secretary says the US has enough for the next military payday, but can't pay service members after that."
"Sat, 25 Oct 2025 21:34:39 GMT",Connolly declared president of Ireland after landslide win,"Catherine Connolly, an independent who was backed by the major left-wing parties, pledges to be ""an inclusive president for all""."
"Sat, 25 Oct 2025 17:28:49 GMT",Man arrested after viral video of alleged rape attempt on Paris train,"Alerted by a woman's screams, another passenger pulled out her phone to film the alleged attack."
"Sat, 25 Oct 2025 21:27:26 GMT",Louvre moves jewels to ultra-secure Bank of France vault after heist,"They will now be stored in the Bank's most secure vault, behind a seven-tonne door 26m underground."
"Sat, 25 Oct 2025 14:11:25 GMT",Hundreds of smartphones intensified India bus blaze - reports,"The bus was carrying 234 smartphones that likely ruptured, exacerbating the fire, officials told local media."
"Sat, 25 Oct 2025 13:07:30 GMT",Trump hopes China will help push Russia towards Ukraine peace talks,"Struggling to broker a peace deal in Ukraine, Trump hopes Xi Jinping could influence Vladimir Putin."
"Sat, 25 Oct 2025 00:27:13 GMT",Thailand's former queen Sirikit dies aged 93,"The mother of King Vajiralongkorn passed away ""peacefully"" on Friday night, according to the Thai Royal Household."
"Sat, 25 Oct 2025 11:32:01 GMT",Ousted Madagascan president stripped of citizenship,"Andry Rajoelina, who was removed from power in a coup last week, had already acquired French nationality."
"Sat, 25 Oct 2025 22:00:26 GMT",Venezuela's Maduro says US 'fabricating war' as it deploys world's largest warship,"The deployment marks a major escalation in what the US says is a campaign against drug traffickers, which Trump warns will include ""land action""."
"Fri, 24 Oct 2025 22:05:47 GMT",Suspected drug kingpin caught after audacious escape from house arrest,"Zhi Dong Zhang, known as Brother Wang, was attempting to flee to Russia with false papers when his plot unravelled."
"Sat, 25 Oct 2025 09:10:25 GMT",Trump says he wants to meet Kim Jong Un on Asia trip,"The US president says he has a ""great relationship"" with the North Korean leader and is ""open"" to a face-to-face chat."
"Sat, 25 Oct 2025 06:58:12 GMT",US imposes sanctions on left-wing Colombian President Petro,Washington has accused Gustavo Petro of allowing drug cartels to flourish during his time in office.
"Sat, 25 Oct 2025 10:31:09 GMT",Japanese tourist falls to death at Pantheon in Italy,Local media reports the 69-year-old had been sitting on a wall when he lost his balance.
"Sat, 25 Oct 2025 23:04:41 GMT",'Brothers in the forest' - the fight to protect an isolated Amazon tribe,"Peru's Mashco Piro face a struggle to survive in the 21st Century, but locals want to help them."
"Sat, 25 Oct 2025 23:21:09 GMT",The 'Heroes of Kharkiv' who saved 48 children from kindergarten hit by Russian drone,The story of a dramatic and heroic rescue that has captured the public imagination in Ukraine.
"Sun, 26 Oct 2025 00:54:32 GMT",A humming annoyance or jobs boom? Life next to 199 data centres,"Data centres were billed as a boon to Virginia’s economy. Now, residents are concerned about their impact on real estate and electricity costs."
"Sat, 25 Oct 2025 23:24:40 GMT",Sudan's fertile region where food is rotting amid famine and war,The Jebel Marra area is neutral in the war but its produce cannot get out to feed a hungry nation.
"Sat, 25 Oct 2025 05:03:59 GMT",Gaza children dying as they wait for Israel to enable evacuations,"Around 15,000 Gazans are waiting for urgent medical treatment, according to the UN."
"Fri, 24 Oct 2025 19:59:04 GMT","Warships, fighter jets and the CIA - what is Trump's endgame in Venezuela?",President Trump says he wants to tackle the drugs trade but many believe he is trying to dislodge President Nicolas Maduro.
"Sun, 26 Oct 2025 13:39:19 GMT",Will Trump's 'peace deal' solve Thailand-Cambodia dispute?,"Donald Trump has claimed to have ended another war, this time between Thailand and Cambodia. But what does this latest agreement actually amount to?"
"Sun, 26 Oct 2025 07:55:24 GMT",Trump in Malaysia: Dancing and a 'peace deal',US President Donald Trump in Malaysia: Dancing and a 'peace deal'
"Sun, 26 Oct 2025 00:13:40 GMT",Watch: Moment nuclear plant towers collapse during demolition,"Two nuclear cooling towers in the town of Gundremmingen, Germany, collapse into large swirls of thick, white dust during demolition."
"Sat, 25 Oct 2025 21:22:28 GMT","'I'm not done', Kamala Harris tells the BBC's Laura Kuenssberg",The former vice president made her strongest suggestion to date that she will make another presidential bid in 2028 - after losing to Donald Trump last year.
"Fri, 24 Oct 2025 18:39:08 GMT",Satellite images show extent of demolition at the White House,New satellite images show the White House East Wing has been completely demolished in order to make way for President Trump's ballroom.
